request_id,department,urgency,corridor_id,asset_id,track_type,required_duration_minutes,earliest_start_minute,latest_end_minute,is_traffic_block_required,is_power_block_required,days_overdue,has_linked_defect,conflicting_train_count,target_priority_score
REQ-001,Traction Distribution,MEDIUM,COR-CSMT-KYN,AST-SMT-KYN-TRD-015,BOTH,60,664,789,1,1,0,0,1,46.8
REQ-002,Engineering,LOW,COR-MAS-AJJ,AST-MAS-AJJ-ENG-029,BOTH,60,238,344,1,0,0,1,0,35.66
REQ-003,Traction Distribution,CRITICAL,COR-HWH-BWN,AST-HWH-BWN-TRD-024,BOTH,180,63,346,1,1,26,1,3,100.0
REQ-004,Engineering,LOW,COR-MAS-AJJ,AST-MAS-AJJ-ENG-029,BOTH,180,107,323,1,0,0,1,1,40.83
REQ-005,Engineering,MEDIUM,COR-HWH-BWN,AST-HWH-BWN-ENG-019,DOWN,60,805,957,1,1,0,0,1,42.95
REQ-006,Traction Distribution,LOW,COR-CSMT-KYN,AST-SMT-KYN-TRD-015,BOTH,60,204,332,1,1,0,0,1,41.69
REQ-007,Signalling & Telecom,HIGH,COR-CSMT-KYN,AST-SMT-KYN-SNT-016,BOTH,60,166,333,1,0,0,0,1,44.59
REQ-008,Signalling & Telecom,HIGH,COR-MAS-AJJ,AST-MAS-AJJ-SNT-036,UP,240,173,481,0,0,0,1,3,52.29
REQ-009,Engineering,MEDIUM,COR-MAS-AJJ,AST-MAS-AJJ-ENG-030,UP,120,75,303,1,0,9,1,1,50.96
REQ-010,Traction Distribution,HIGH,COR-HWH-BWN,AST-HWH-BWN-TRD-023,DOWN,90,127,331,1,1,0,0,3,52.41
REQ-011,Engineering,HIGH,COR-HWH-BWN,AST-HWH-BWN-ENG-019,DOWN,90,100,220,1,0,0,0,2,46.0
REQ-012,Traction Distribution,LOW,COR-NDLS-GZB,AST-DLS-GZB-TRD-005,UP,240,68,367,1,1,0,0,4,48.53
REQ-013,Traction Distribution,MEDIUM,COR-NDLS-GZB,AST-DLS-GZB-TRD-004,UP,120,832,991,1,1,18,1,1,67.45
REQ-014,Engineering,MEDIUM,COR-HWH-BWN,AST-HWH-BWN-ENG-020,BOTH,240,701,1025,1,1,0,0,1,50.41
REQ-015,Traction Distribution,HIGH,COR-CSMT-KYN,AST-SMT-KYN-TRD-013,DOWN,90,672,801,1,1,0,0,1,49.98
REQ-016,Signalling & Telecom,HIGH,COR-MAS-AJJ,AST-MAS-AJJ-SNT-036,UP,120,205,391,1,0,0,1,2,58.45
REQ-017,Engineering,LOW,COR-MAS-AJJ,AST-MAS-AJJ-ENG-029,BOTH,120,739,953,1,0,0,1,1,38.11
REQ-018,Engineering,LOW,COR-HWH-BWN,AST-HWH-BWN-ENG-021,BOTH,180,70,335,1,0,0,1,3,44.29
REQ-019,Engineering,LOW,COR-MAS-AJJ,AST-MAS-AJJ-ENG-028,BOTH,120,118,354,1,0,0,0,1,35.08
REQ-020,Traction Distribution,CRITICAL,COR-HWH-BWN,AST-HWH-BWN-TRD-022,BOTH,240,65,421,0,1,34,1,5,100.0
REQ-021,Engineering,MEDIUM,COR-CSMT-KYN,AST-SMT-KYN-ENG-011,DOWN,240,104,434,1,0,0,1,1,45.77
REQ-022,Engineering,MEDIUM,COR-MAS-AJJ,AST-MAS-AJJ-ENG-028,BOTH,120,209,414,1,0,0,0,2,43.35
REQ-023,Signalling & Telecom,MEDIUM,COR-HWH-BWN,AST-HWH-BWN-SNT-026,DOWN,60,164,296,1,0,0,0,3,41.55
REQ-024,Engineering,LOW,COR-HWH-BWN,AST-HWH-BWN-ENG-021,BOTH,90,237,420,1,0,0,1,4,44.92
REQ-025,Signalling & Telecom,MEDIUM,COR-NDLS-GZB,AST-DLS-GZB-SNT-007,BOTH,240,82,392,1,0,0,0,4,51.24
REQ-026,Traction Distribution,MEDIUM,COR-CSMT-KYN,AST-SMT-KYN-TRD-014,BOTH,240,600,954,0,1,0,0,4,46.28
REQ-027,Traction Distribution,MEDIUM,COR-MAS-AJJ,AST-MAS-AJJ-TRD-033,UP,180,192,448,1,1,0,0,3,50.03
REQ-028,Engineering,CRITICAL,COR-CSMT-KYN,AST-SMT-KYN-ENG-010,UP,180,73,309,1,0,36,1,1,96.13
REQ-029,Engineering,MEDIUM,COR-NDLS-GZB,AST-DLS-GZB-ENG-001,DOWN,90,824,1033,1,0,13,1,1,53.21
REQ-030,Signalling & Telecom,HIGH,COR-CSMT-KYN,AST-SMT-KYN-SNT-017,UP,60,911,1031,1,0,0,1,2,57.0
REQ-031,Engineering,HIGH,COR-NDLS-GZB,AST-DLS-GZB-ENG-003,UP,240,117,401,1,0,0,0,4,51.95
REQ-032,Engineering,HIGH,COR-NDLS-GZB,AST-DLS-GZB-ENG-003,UP,90,134,319,1,0,0,0,4,48.36
REQ-033,Traction Distribution,MEDIUM,COR-CSMT-KYN,AST-SMT-KYN-TRD-014,BOTH,180,724,992,1,1,0,0,3,53.72
REQ-034,Traction Distribution,MEDIUM,COR-HWH-BWN,AST-HWH-BWN-TRD-023,DOWN,90,860,997,0,1,0,0,1,34.57
REQ-035,Traction Distribution,MEDIUM,COR-CSMT-KYN,AST-SMT-KYN-TRD-013,DOWN,180,189,433,0,1,0,0,1,35.38
REQ-036,Signalling & Telecom,MEDIUM,COR-NDLS-GZB,AST-DLS-GZB-SNT-007,BOTH,120,896,1130,1,0,0,0,1,41.13
REQ-037,Signalling & Telecom,LOW,COR-HWH-BWN,AST-HWH-BWN-SNT-026,DOWN,180,201,480,0,0,0,0,5,33.45
REQ-038,Signalling & Telecom,HIGH,COR-MAS-AJJ,AST-MAS-AJJ-SNT-034,UP,90,119,291,1,1,0,0,1,50.23
REQ-039,Traction Distribution,LOW,COR-CSMT-KYN,AST-SMT-KYN-TRD-015,BOTH,180,229,522,0,1,0,0,3,38.14
REQ-040,Traction Distribution,MEDIUM,COR-NDLS-GZB,AST-DLS-GZB-TRD-005,UP,60,211,343,0,1,0,0,3,37.55
REQ-041,Engineering,MEDIUM,COR-MAS-AJJ,AST-MAS-AJJ-ENG-028,BOTH,60,176,267,1,0,0,0,1,41.59
REQ-042,Engineering,MEDIUM,COR-MAS-AJJ,AST-MAS-AJJ-ENG-028,BOTH,90,127,290,1,0,0,0,1,40.52
REQ-043,Signalling & Telecom,MEDIUM,COR-HWH-BWN,AST-HWH-BWN-SNT-027,BOTH,60,945,1103,1,0,0,0,1,39.8
REQ-044,Signalling & Telecom,HIGH,COR-CSMT-KYN,AST-SMT-KYN-SNT-017,UP,180,618,907,1,1,0,1,2,66.23
REQ-045,Signalling & Telecom,CRITICAL,COR-NDLS-GZB,AST-DLS-GZB-SNT-009,UP,120,646,851,1,0,41,1,1,95.35
REQ-046,Signalling & Telecom,HIGH,COR-MAS-AJJ,AST-MAS-AJJ-SNT-036,UP,60,237,365,1,0,0,1,0,51.69
REQ-047,Traction Distribution,HIGH,COR-MAS-AJJ,AST-MAS-AJJ-TRD-033,UP,120,170,338,1,1,0,0,1,50.14
REQ-048,Engineering,MEDIUM,COR-MAS-AJJ,AST-MAS-AJJ-ENG-030,UP,180,106,337,1,1,9,1,1,61.49
REQ-049,Traction Distribution,CRITICAL,COR-HWH-BWN,AST-HWH-BWN-TRD-022,BOTH,240,917,1274,1,1,34,1,1,100.0
REQ-050,Engineering,MEDIUM,COR-NDLS-GZB,AST-DLS-GZB-ENG-001,DOWN,240,178,529,1,0,13,1,4,63.24
REQ-051,Signalling & Telecom,CRITICAL,COR-MAS-AJJ,AST-MAS-AJJ-SNT-035,UP,120,838,1024,1,0,33,1,1,95.95
REQ-052,Engineering,MEDIUM,COR-CSMT-KYN,AST-SMT-KYN-ENG-012,BOTH,120,753,984,1,0,0,0,3,45.19
REQ-053,Engineering,LOW,COR-CSMT-KYN,AST-SMT-KYN-ENG-012,BOTH,120,137,312,1,0,0,0,1,36.86
REQ-054,Traction Distribution,CRITICAL,COR-MAS-AJJ,AST-MAS-AJJ-TRD-031,BOTH,180,157,440,1,1,34,1,2,100.0
REQ-055,Signalling & Telecom,MEDIUM,COR-HWH-BWN,AST-HWH-BWN-SNT-027,BOTH,120,228,428,1,0,0,0,4,49.5
REQ-056,Signalling & Telecom,LOW,COR-NDLS-GZB,AST-DLS-GZB-SNT-007,BOTH,60,854,980,1,0,0,0,0,33.26
REQ-057,Engineering,LOW,COR-MAS-AJJ,AST-MAS-AJJ-ENG-029,BOTH,120,108,337,1,0,0,1,1,37.74
REQ-058,Traction Distribution,LOW,COR-MAS-AJJ,AST-MAS-AJJ-TRD-033,UP,90,220,422,1,1,0,0,2,39.96
REQ-059,Signalling & Telecom,MEDIUM,COR-MAS-AJJ,AST-MAS-AJJ-SNT-034,UP,60,93,194,1,0,0,0,1,37.94
REQ-060,Engineering,MEDIUM,COR-NDLS-GZB,AST-DLS-GZB-ENG-003,UP,90,198,364,1,0,0,0,3,41.42
REQ-061,Engineering,MEDIUM,COR-NDLS-GZB,AST-DLS-GZB-ENG-003,UP,90,183,340,1,0,0,0,3,41.73
REQ-062,Traction Distribution,MEDIUM,COR-CSMT-KYN,AST-SMT-KYN-TRD-013,DOWN,60,79,187,1,1,0,0,0,41.06
REQ-063,Engineering,CRITICAL,COR-CSMT-KYN,AST-SMT-KYN-ENG-010,UP,90,945,1115,1,0,36,1,2,96.29
REQ-064,Signalling & Telecom,CRITICAL,COR-MAS-AJJ,AST-MAS-AJJ-SNT-035,UP,240,161,432,1,0,33,1,2,100.0
REQ-065,Engineering,LOW,COR-MAS-AJJ,AST-MAS-AJJ-ENG-029,BOTH,120,944,1127,1,0,0,1,0,36.56
REQ-066,Signalling & Telecom,LOW,COR-NDLS-GZB,AST-DLS-GZB-SNT-007,BOTH,120,119,329,0,1,0,0,4,42.21
REQ-067,Signalling & Telecom,HIGH,COR-MAS-AJJ,AST-MAS-AJJ-SNT-036,UP,240,216,514,1,0,0,1,4,65.05
REQ-068,Engineering,MEDIUM,COR-NDLS-GZB,AST-DLS-GZB-ENG-002,UP,120,89,256,1,1,0,0,4,53.69
REQ-069,Engineering,HIGH,COR-CSMT-KYN,AST-SMT-KYN-ENG-012,BOTH,120,659,821,1,1,0,0,1,55.41
REQ-070,Traction Distribution,LOW,COR-HWH-BWN,AST-HWH-BWN-TRD-023,DOWN,90,154,359,0,1,0,0,4,34.89
REQ-071,Signalling & Telecom,HIGH,COR-MAS-AJJ,AST-MAS-AJJ-SNT-036,UP,240,99,422,0,0,0,1,2,49.43
REQ-072,Engineering,LOW,COR-NDLS-GZB,AST-DLS-GZB-ENG-003,UP,180,743,957,1,0,0,0,0,31.91
REQ-073,Engineering,HIGH,COR-NDLS-GZB,AST-DLS-GZB-ENG-002,UP,180,120,376,1,1,0,0,4,58.53
REQ-074,Engineering,LOW,COR-CSMT-KYN,AST-SMT-KYN-ENG-012,BOTH,120,225,420,1,1,0,0,1,44.15
REQ-075,Signalling & Telecom,CRITICAL,COR-NDLS-GZB,AST-DLS-GZB-SNT-009,UP,120,91,299,1,1,41,1,4,100.0
REQ-076,Signalling & Telecom,LOW,COR-HWH-BWN,AST-HWH-BWN-SNT-026,DOWN,240,625,937,1,1,0,0,2,45.19
REQ-077,Signalling & Telecom,LOW,COR-HWH-BWN,AST-HWH-BWN-SNT-027,BOTH,90,201,347,0,0,0,0,3,32.16
REQ-078,Signalling & Telecom,HIGH,COR-CSMT-KYN,AST-SMT-KYN-SNT-016,BOTH,120,905,1055,0,0,0,0,2,41.5
REQ-079,Signalling & Telecom,HIGH,COR-CSMT-KYN,AST-SMT-KYN-SNT-016,BOTH,240,104,388,1,0,0,0,1,49.45
REQ-080,Traction Distribution,HIGH,COR-MAS-AJJ,AST-MAS-AJJ-TRD-032,DOWN,120,721,946,1,1,0,0,2,50.83
REQ-081,Engineering,HIGH,COR-HWH-BWN,AST-HWH-BWN-ENG-020,BOTH,120,167,384,1,1,0,0,4,61.03
REQ-082,Signalling & Telecom,LOW,COR-HWH-BWN,AST-HWH-BWN-SNT-025,UP,60,152,307,1,0,3,1,3,40.77
REQ-083,Engineering,MEDIUM,COR-CSMT-KYN,AST-SMT-KYN-ENG-011,DOWN,90,622,826,1,0,0,1,1,42.91
REQ-084,Signalling & Telecom,MEDIUM,COR-HWH-BWN,AST-HWH-BWN-SNT-026,DOWN,60,182,323,1,0,0,0,3,41.26
REQ-085,Engineering,LOW,COR-MAS-AJJ,AST-MAS-AJJ-ENG-028,BOTH,180,80,331,1,0,0,0,1,37.17
REQ-086,Traction Distribution,HIGH,COR-NDLS-GZB,AST-DLS-GZB-TRD-005,UP,90,222,416,1,1,0,0,3,52.64
REQ-087,Signalling & Telecom,CRITICAL,COR-CSMT-KYN,AST-SMT-KYN-SNT-018,DOWN,120,212,429,1,0,0,1,1,70.03
REQ-088,Signalling & Telecom,MEDIUM,COR-NDLS-GZB,AST-DLS-GZB-SNT-008,UP,60,658,831,1,0,0,0,1,35.47
REQ-089,Signalling & Telecom,LOW,COR-HWH-BWN,AST-HWH-BWN-SNT-025,UP,90,118,290,1,0,3,1,3,42.13
REQ-090,Signalling & Telecom,MEDIUM,COR-NDLS-GZB,AST-DLS-GZB-SNT-008,UP,60,140,315,0,0,0,0,4,32.93
REQ-091,Engineering,LOW,COR-HWH-BWN,AST-HWH-BWN-ENG-020,BOTH,180,81,302,1,0,0,0,3,43.14
REQ-092,Engineering,LOW,COR-HWH-BWN,AST-HWH-BWN-ENG-021,BOTH,120,884,1041,1,0,0,1,1,40.14
REQ-093,Traction Distribution,LOW,COR-MAS-AJJ,AST-MAS-AJJ-TRD-033,UP,240,91,413,1,1,0,0,2,42.95
REQ-094,Traction Distribution,MEDIUM,COR-NDLS-GZB,AST-DLS-GZB-TRD-004,UP,180,626,872,1,1,18,1,1,67.22
REQ-095,Traction Distribution,MEDIUM,COR-CSMT-KYN,AST-SMT-KYN-TRD-015,BOTH,60,114,223,1,1,0,0,0,45.0
REQ-096,Signalling & Telecom,CRITICAL,COR-CSMT-KYN,AST-SMT-KYN-SNT-018,DOWN,90,779,970,1,0,0,1,3,74.21
REQ-097,Signalling & Telecom,CRITICAL,COR-NDLS-GZB,AST-DLS-GZB-SNT-009,UP,240,169,510,0,0,41,1,3,91.54
REQ-098,Traction Distribution,LOW,COR-CSMT-KYN,AST-SMT-KYN-TRD-014,BOTH,240,228,586,1,1,0,0,4,51.2
REQ-099,Traction Distribution,HIGH,COR-NDLS-GZB,AST-DLS-GZB-TRD-005,UP,120,758,951,1,1,0,0,0,46.72
REQ-100,Signalling & Telecom,HIGH,COR-HWH-BWN,AST-HWH-BWN-SNT-026,DOWN,90,162,290,1,1,0,0,3,57.03
REQ-101,Traction Distribution,HIGH,COR-HWH-BWN,AST-HWH-BWN-TRD-023,DOWN,60,710,848,1,1,0,0,0,44.85
REQ-102,Signalling & Telecom,CRITICAL,COR-CSMT-KYN,AST-SMT-KYN-SNT-018,DOWN,120,139,330,1,0,0,1,1,70.78
REQ-103,Traction Distribution,HIGH,COR-NDLS-GZB,AST-DLS-GZB-TRD-005,UP,60,218,314,1,1,0,0,3,54.25
REQ-104,Engineering,CRITICAL,COR-CSMT-KYN,AST-SMT-KYN-ENG-010,UP,120,168,380,1,0,36,1,1,94.16
REQ-105,Engineering,MEDIUM,COR-NDLS-GZB,AST-DLS-GZB-ENG-001,DOWN,180,191,415,1,0,13,1,3,61.94
REQ-106,Signalling & Telecom,HIGH,COR-MAS-AJJ,AST-MAS-AJJ-SNT-034,UP,120,903,1115,1,0,0,0,0,40.16
REQ-107,Engineering,HIGH,COR-NDLS-GZB,AST-DLS-GZB-ENG-003,UP,180,628,838,1,1,0,0,1,52.57
REQ-108,Signalling & Telecom,HIGH,COR-NDLS-GZB,AST-DLS-GZB-SNT-008,UP,90,748,909,1,1,0,0,0,48.09
REQ-109,Engineering,MEDIUM,COR-CSMT-KYN,AST-SMT-KYN-ENG-012,BOTH,90,196,406,1,1,0,0,1,47.29
REQ-110,Signalling & Telecom,LOW,COR-NDLS-GZB,AST-DLS-GZB-SNT-007,BOTH,120,70,275,0,1,0,0,4,42.35
REQ-111,Traction Distribution,MEDIUM,COR-MAS-AJJ,AST-MAS-AJJ-TRD-033,UP,240,163,523,1,1,0,0,4,52.17
REQ-112,Engineering,MEDIUM,COR-HWH-BWN,AST-HWH-BWN-ENG-019,DOWN,60,143,254,1,0,0,0,3,41.41
REQ-113,Engineering,MEDIUM,COR-NDLS-GZB,AST-DLS-GZB-ENG-001,DOWN,240,236,552,1,1,13,1,2,66.99
REQ-114,Engineering,MEDIUM,COR-NDLS-GZB,AST-DLS-GZB-ENG-001,DOWN,60,210,351,1,0,13,1,3,58.16
REQ-115,Traction Distribution,MEDIUM,COR-CSMT-KYN,AST-SMT-KYN-TRD-013,DOWN,120,713,905,1,1,0,0,2,46.75
REQ-116,Engineering,LOW,COR-HWH-BWN,AST-HWH-BWN-ENG-021,BOTH,60,89,246,1,0,0,1,2,38.82
REQ-117,Engineering,MEDIUM,COR-CSMT-KYN,AST-SMT-KYN-ENG-011,DOWN,120,225,393,1,1,0,1,1,53.64
REQ-118,Traction Distribution,HIGH,COR-MAS-AJJ,AST-MAS-AJJ-TRD-033,UP,120,214,383,1,1,0,0,2,52.6
REQ-119,Engineering,LOW,COR-MAS-AJJ,AST-MAS-AJJ-ENG-029,BOTH,60,220,373,1,0,0,1,1,36.42
REQ-120,Signalling & Telecom,LOW,COR-HWH-BWN,AST-HWH-BWN-SNT-027,BOTH,240,204,556,1,0,0,0,6,50.32
REQ-121,Signalling & Telecom,LOW,COR-CSMT-KYN,AST-SMT-KYN-SNT-016,BOTH,120,77,287,1,0,0,0,1,36.71
REQ-122,Signalling & Telecom,CRITICAL,COR-NDLS-GZB,AST-DLS-GZB-SNT-009,UP,120,150,364,1,1,41,1,4,100.0
REQ-123,Signalling & Telecom,HIGH,COR-CSMT-KYN,AST-SMT-KYN-SNT-016,BOTH,60,133,232,0,0,0,0,0,34.56
REQ-124,Signalling & Telecom,HIGH,COR-MAS-AJJ,AST-MAS-AJJ-SNT-034,UP,240,158,487,0,0,0,0,3,39.29
REQ-125,Signalling & Telecom,LOW,COR-CSMT-KYN,AST-SMT-KYN-SNT-016,BOTH,60,206,379,1,1,0,0,1,42.47
REQ-126,Traction Distribution,LOW,COR-CSMT-KYN,AST-SMT-KYN-TRD-013,DOWN,90,830,963,0,1,0,0,2,32.27
REQ-127,Traction Distribution,CRITICAL,COR-HWH-BWN,AST-HWH-BWN-TRD-024,BOTH,120,643,857,1,1,26,1,1,100.0
REQ-128,Signalling & Telecom,HIGH,COR-CSMT-KYN,AST-SMT-KYN-SNT-017,UP,60,172,318,1,0,0,1,1,53.61
REQ-129,Traction Distribution,MEDIUM,COR-NDLS-GZB,AST-DLS-GZB-TRD-006,BOTH,120,798,1000,1,1,0,0,1,47.94
REQ-130,Signalling & Telecom,LOW,COR-NDLS-GZB,AST-DLS-GZB-SNT-008,UP,240,221,573,1,0,0,0,4,41.32
REQ-131,Engineering,MEDIUM,COR-CSMT-KYN,AST-SMT-KYN-ENG-011,DOWN,240,745,1047,1,0,0,1,3,51.45
REQ-132,Traction Distribution,LOW,COR-HWH-BWN,AST-HWH-BWN-TRD-023,DOWN,240,770,1050,1,1,0,0,1,41.57
REQ-133,Signalling & Telecom,HIGH,COR-NDLS-GZB,AST-DLS-GZB-SNT-008,UP,120,227,466,1,0,0,0,2,44.52
REQ-134,Engineering,LOW,COR-HWH-BWN,AST-HWH-BWN-ENG-020,BOTH,60,156,328,1,0,0,0,3,38.49
REQ-135,Signalling & Telecom,HIGH,COR-NDLS-GZB,AST-DLS-GZB-SNT-008,UP,240,231,555,1,0,0,0,3,49.41
REQ-136,Traction Distribution,MEDIUM,COR-NDLS-GZB,AST-DLS-GZB-TRD-005,UP,90,774,956,1,1,0,0,0,40.45
REQ-137,Signalling & Telecom,CRITICAL,COR-MAS-AJJ,AST-MAS-AJJ-SNT-035,UP,90,135,267,1,0,33,1,1,96.32
REQ-138,Engineering,LOW,COR-HWH-BWN,AST-HWH-BWN-ENG-021,BOTH,240,146,495,1,1,0,1,5,57.38
REQ-139,Traction Distribution,CRITICAL,COR-MAS-AJJ,AST-MAS-AJJ-TRD-031,BOTH,180,106,404,1,1,34,1,2,100.0
REQ-140,Signalling & Telecom,HIGH,COR-CSMT-KYN,AST-SMT-KYN-SNT-016,BOTH,180,153,449,0,0,0,0,1,37.08
REQ-141,Engineering,LOW,COR-MAS-AJJ,AST-MAS-AJJ-ENG-028,BOTH,120,829,1008,1,0,0,0,1,36.7
REQ-142,Engineering,MEDIUM,COR-MAS-AJJ,AST-MAS-AJJ-ENG-030,UP,120,840,1014,1,0,9,1,1,52.6
REQ-143,Engineering,LOW,COR-HWH-BWN,AST-HWH-BWN-ENG-019,DOWN,180,132,390,1,0,0,0,4,40.48
REQ-144,Signalling & Telecom,HIGH,COR-CSMT-KYN,AST-SMT-KYN-SNT-017,UP,180,702,989,1,1,0,1,3,68.77
REQ-145,Traction Distribution,LOW,COR-CSMT-KYN,AST-SMT-KYN-TRD-015,BOTH,180,883,1106,1,1,0,0,2,47.57
REQ-146,Traction Distribution,LOW,COR-CSMT-KYN,AST-SMT-KYN-TRD-014,BOTH,60,101,225,1,1,0,0,0,39.34
REQ-147,Traction Distribution,LOW,COR-MAS-AJJ,AST-MAS-AJJ-TRD-032,DOWN,90,646,794,0,1,0,0,2,31.58
REQ-148,Engineering,LOW,COR-MAS-AJJ,AST-MAS-AJJ-ENG-029,BOTH,120,812,968,1,0,0,1,1,40.19
REQ-149,Engineering,MEDIUM,COR-MAS-AJJ,AST-MAS-AJJ-ENG-030,UP,120,80,277,1,1,9,1,1,59.79
REQ-150,Signalling & Telecom,MEDIUM,COR-NDLS-GZB,AST-DLS-GZB-SNT-007,BOTH,60,932,1064,1,0,0,0,1,40.55
REQ-151,Traction Distribution,MEDIUM,COR-NDLS-GZB,AST-DLS-GZB-TRD-004,UP,120,841,1080,0,1,18,1,1,54.92
REQ-152,Signalling & Telecom,LOW,COR-CSMT-KYN,AST-SMT-KYN-SNT-016,BOTH,180,61,281,1,1,0,0,1,47.18
REQ-153,Engineering,HIGH,COR-NDLS-GZB,AST-DLS-GZB-ENG-003,UP,240,911,1248,1,0,0,0,1,43.12
REQ-154,Traction Distribution,CRITICAL,COR-HWH-BWN,AST-HWH-BWN-TRD-024,BOTH,120,91,247,1,1,26,1,2,100.0
REQ-155,Traction Distribution,CRITICAL,COR-HWH-BWN,AST-HWH-BWN-TRD-022,BOTH,240,88,421,1,1,34,1,5,100.0
REQ-156,Engineering,HIGH,COR-HWH-BWN,AST-HWH-BWN-ENG-020,BOTH,240,96,403,1,0,0,0,5,57.82
REQ-157,Traction Distribution,LOW,COR-MAS-AJJ,AST-MAS-AJJ-TRD-032,DOWN,120,166,339,1,1,0,0,1,39.94
REQ-158,Engineering,LOW,COR-MAS-AJJ,AST-MAS-AJJ-ENG-029,BOTH,60,152,250,1,0,0,1,1,38.62
REQ-159,Engineering,MEDIUM,COR-MAS-AJJ,AST-MAS-AJJ-ENG-030,UP,240,189,529,1,1,9,1,4,68.26
REQ-160,Traction Distribution,MEDIUM,COR-CSMT-KYN,AST-SMT-KYN-TRD-015,BOTH,60,155,277,1,1,0,0,1,46.92
REQ-161,Signalling & Telecom,MEDIUM,COR-CSMT-KYN,AST-SMT-KYN-SNT-016,BOTH,60,228,398,1,1,0,0,1,47.53
REQ-162,Traction Distribution,MEDIUM,COR-NDLS-GZB,AST-DLS-GZB-TRD-006,BOTH,90,199,362,0,1,0,0,3,42.52
REQ-163,Signalling & Telecom,LOW,COR-HWH-BWN,AST-HWH-BWN-SNT-025,UP,90,950,1129,1,0,3,1,0,34.43
REQ-164,Signalling & Telecom,HIGH,COR-CSMT-KYN,AST-SMT-KYN-SNT-017,UP,90,632,810,1,1,0,1,1,62.56
REQ-165,Signalling & Telecom,CRITICAL,COR-NDLS-GZB,AST-DLS-GZB-SNT-009,UP,90,761,920,0,0,41,1,0,82.66
REQ-166,Traction Distribution,CRITICAL,COR-HWH-BWN,AST-HWH-BWN-TRD-022,BOTH,240,69,421,1,1,34,1,5,100.0
REQ-167,Traction Distribution,CRITICAL,COR-MAS-AJJ,AST-MAS-AJJ-TRD-031,BOTH,120,624,857,1,1,34,1,2,100.0
REQ-168,Traction Distribution,HIGH,COR-CSMT-KYN,AST-SMT-KYN-TRD-013,DOWN,120,162,368,0,1,0,0,1,38.83
REQ-169,Engineering,MEDIUM,COR-CSMT-KYN,AST-SMT-KYN-ENG-011,DOWN,180,107,380,1,0,0,1,1,45.09
REQ-170,Traction Distribution,CRITICAL,COR-HWH-BWN,AST-HWH-BWN-TRD-024,BOTH,120,865,1049,0,1,26,1,1,91.82
REQ-171,Engineering,LOW,COR-MAS-AJJ,AST-MAS-AJJ-ENG-028,BOTH,180,214,447,1,0,0,0,3,42.73
REQ-172,Signalling & Telecom,CRITICAL,COR-CSMT-KYN,AST-SMT-KYN-SNT-018,DOWN,120,143,377,1,0,0,1,1,69.63
REQ-173,Traction Distribution,LOW,COR-CSMT-KYN,AST-SMT-KYN-TRD-013,DOWN,180,173,427,1,1,0,0,1,40.09
REQ-174,Engineering,LOW,COR-HWH-BWN,AST-HWH-BWN-ENG-020,BOTH,120,171,356,1,0,0,0,4,43.99
REQ-175,Traction Distribution,HIGH,COR-HWH-BWN,AST-HWH-BWN-TRD-023,DOWN,60,807,943,1,1,0,0,1,47.41
REQ-176,Signalling & Telecom,CRITICAL,COR-CSMT-KYN,AST-SMT-KYN-SNT-018,DOWN,90,673,870,1,0,0,1,1,69.07
REQ-177,Signalling & Telecom,CRITICAL,COR-CSMT-KYN,AST-SMT-KYN-SNT-018,DOWN,90,225,391,0,0,0,1,1,59.92
REQ-178,Engineering,HIGH,COR-HWH-BWN,AST-HWH-BWN-ENG-020,BOTH,240,175,492,1,0,0,0,5,57.57
REQ-179,Traction Distribution,CRITICAL,COR-MAS-AJJ,AST-MAS-AJJ-TRD-031,BOTH,60,195,331,1,1,34,1,1,100.0
REQ-180,Engineering,MEDIUM,COR-MAS-AJJ,AST-MAS-AJJ-ENG-030,UP,120,89,242,1,0,9,1,1,53.54
REQ-181,Signalling & Telecom,HIGH,COR-MAS-AJJ,AST-MAS-AJJ-SNT-036,UP,180,203,428,1,0,0,1,2,60.0
REQ-182,Engineering,MEDIUM,COR-MAS-AJJ,AST-MAS-AJJ-ENG-028,BOTH,90,746,954,1,0,0,0,1,39.33
REQ-183,Engineering,MEDIUM,COR-MAS-AJJ,AST-MAS-AJJ-ENG-028,BOTH,90,78,255,1,1,0,0,1,48.08
REQ-184,Signalling & Telecom,LOW,COR-CSMT-KYN,AST-SMT-KYN-SNT-016,BOTH,180,949,1199,1,0,0,0,3,43.2
REQ-185,Engineering,LOW,COR-MAS-AJJ,AST-MAS-AJJ-ENG-028,BOTH,240,136,426,1,0,0,0,2,40.78
REQ-186,Signalling & Telecom,HIGH,COR-CSMT-KYN,AST-SMT-KYN-SNT-017,UP,90,860,1008,1,1,0,1,2,66.08
REQ-187,Traction Distribution,CRITICAL,COR-HWH-BWN,AST-HWH-BWN-TRD-022,BOTH,90,186,309,1,1,34,1,3,100.0
REQ-188,Signalling & Telecom,CRITICAL,COR-NDLS-GZB,AST-DLS-GZB-SNT-009,UP,240,201,487,1,0,41,1,3,100.0
REQ-189,Engineering,LOW,COR-HWH-BWN,AST-HWH-BWN-ENG-021,BOTH,120,182,399,1,0,0,1,5,48.03
REQ-190,Engineering,MEDIUM,COR-HWH-BWN,AST-HWH-BWN-ENG-020,BOTH,240,141,493,1,1,0,0,5,59.82
REQ-191,Engineering,LOW,COR-MAS-AJJ,AST-MAS-AJJ-ENG-029,BOTH,180,776,1002,1,0,0,1,1,40.46
REQ-192,Signalling & Telecom,LOW,COR-HWH-BWN,AST-HWH-BWN-SNT-027,BOTH,240,93,418,0,0,0,0,5,38.38
REQ-193,Signalling & Telecom,LOW,COR-HWH-BWN,AST-HWH-BWN-SNT-025,UP,60,137,248,0,1,3,1,2,37.81
REQ-194,Traction Distribution,HIGH,COR-CSMT-KYN,AST-SMT-KYN-TRD-013,DOWN,120,865,1051,0,1,0,0,2,41.95
REQ-195,Engineering,MEDIUM,COR-MAS-AJJ,AST-MAS-AJJ-ENG-028,BOTH,90,201,356,1,1,0,0,1,48.81
REQ-196,Traction Distribution,MEDIUM,COR-MAS-AJJ,AST-MAS-AJJ-TRD-032,DOWN,240,188,540,1,1,0,0,4,52.32
REQ-197,Engineering,MEDIUM,COR-NDLS-GZB,AST-DLS-GZB-ENG-001,DOWN,240,228,577,1,0,13,1,3,60.78
REQ-198,Engineering,LOW,COR-NDLS-GZB,AST-DLS-GZB-ENG-002,UP,120,888,1043,1,0,0,0,1,33.74
REQ-199,Signalling & Telecom,HIGH,COR-NDLS-GZB,AST-DLS-GZB-SNT-007,BOTH,60,224,387,1,0,0,0,3,49.68
REQ-200,Signalling & Telecom,LOW,COR-CSMT-KYN,AST-SMT-KYN-SNT-016,BOTH,180,67,340,1,0,0,0,1,37.59
REQ-201,Engineering,LOW,COR-NDLS-GZB,AST-DLS-GZB-ENG-003,UP,120,235,436,1,0,0,0,1,31.97
REQ-202,Signalling & Telecom,HIGH,COR-HWH-BWN,AST-HWH-BWN-SNT-026,DOWN,60,166,317,1,0,0,0,3,45.97
REQ-203,Traction Distribution,HIGH,COR-CSMT-KYN,AST-SMT-KYN-TRD-014,BOTH,120,763,957,0,1,0,0,3,48.19
REQ-204,Signalling & Telecom,CRITICAL,COR-MAS-AJJ,AST-MAS-AJJ-SNT-035,UP,90,863,1054,1,1,33,1,1,100.0
REQ-205,Traction Distribution,CRITICAL,COR-MAS-AJJ,AST-MAS-AJJ-TRD-031,BOTH,60,123,231,1,1,34,1,1,100.0
REQ-206,Engineering,MEDIUM,COR-NDLS-GZB,AST-DLS-GZB-ENG-003,UP,180,814,1055,1,0,0,0,1,38.47
REQ-207,Traction Distribution,HIGH,COR-MAS-AJJ,AST-MAS-AJJ-TRD-033,UP,120,760,934,1,1,0,0,1,49.9
REQ-208,Traction Distribution,MEDIUM,COR-NDLS-GZB,AST-DLS-GZB-TRD-006,BOTH,240,138,471,1,1,0,0,4,56.71
REQ-209,Engineering,MEDIUM,COR-CSMT-KYN,AST-SMT-KYN-ENG-012,BOTH,240,121,418,1,0,0,0,1,43.08
REQ-210,Engineering,MEDIUM,COR-MAS-AJJ,AST-MAS-AJJ-ENG-030,UP,60,186,352,1,0,9,1,1,49.31
REQ-211,Signalling & Telecom,LOW,COR-NDLS-GZB,AST-DLS-GZB-SNT-008,UP,180,62,285,0,0,0,0,4,32.57
REQ-212,Engineering,LOW,COR-HWH-BWN,AST-HWH-BWN-ENG-019,DOWN,120,787,942,1,0,0,0,1,33.74
REQ-213,Signalling & Telecom,HIGH,COR-MAS-AJJ,AST-MAS-AJJ-SNT-036,UP,240,152,492,1,0,0,1,3,61.56
REQ-214,Traction Distribution,CRITICAL,COR-HWH-BWN,AST-HWH-BWN-TRD-024,BOTH,180,743,1032,1,1,26,1,1,100.0
REQ-215,Engineering,CRITICAL,COR-CSMT-KYN,AST-SMT-KYN-ENG-010,UP,60,84,224,1,0,36,1,0,90.29
REQ-216,Engineering,MEDIUM,COR-NDLS-GZB,AST-DLS-GZB-ENG-002,UP,240,673,968,1,0,0,0,1,39.14
REQ-217,Signalling & Telecom,HIGH,COR-MAS-AJJ,AST-MAS-AJJ-SNT-036,UP,180,71,285,1,1,0,1,1,65.91
REQ-218,Signalling & Telecom,LOW,COR-HWH-BWN,AST-HWH-BWN-SNT-025,UP,180,98,385,1,0,3,1,4,45.67
REQ-219,Traction Distribution,LOW,COR-NDLS-GZB,AST-DLS-GZB-TRD-006,BOTH,120,217,405,1,1,0,0,3,48.38
REQ-220,Signalling & Telecom,LOW,COR-MAS-AJJ,AST-MAS-AJJ-SNT-034,UP,240,204,512,1,0,0,0,4,42.29
REQ-221,Engineering,MEDIUM,COR-CSMT-KYN,AST-SMT-KYN-ENG-011,DOWN,120,813,1037,1,0,0,1,2,46.36
REQ-222,Engineering,MEDIUM,COR-NDLS-GZB,AST-DLS-GZB-ENG-001,DOWN,60,127,300,1,0,13,1,4,59.87
REQ-223,Signalling & Telecom,HIGH,COR-CSMT-KYN,AST-SMT-KYN-SNT-017,UP,240,73,417,1,0,0,1,1,56.48
REQ-224,Engineering,LOW,COR-HWH-BWN,AST-HWH-BWN-ENG-020,BOTH,240,794,1082,1,0,0,0,1,38.33
REQ-225,Engineering,CRITICAL,COR-CSMT-KYN,AST-SMT-KYN-ENG-010,UP,90,239,373,1,1,36,1,1,100.0
REQ-226,Signalling & Telecom,MEDIUM,COR-HWH-BWN,AST-HWH-BWN-SNT-027,BOTH,120,165,403,1,1,0,0,5,59.04
REQ-227,Engineering,CRITICAL,COR-CSMT-KYN,AST-SMT-KYN-ENG-010,UP,240,631,991,1,1,36,1,3,100.0
REQ-228,Signalling & Telecom,HIGH,COR-MAS-AJJ,AST-MAS-AJJ-SNT-036,UP,90,229,410,1,0,0,1,2,56.97
REQ-229,Traction Distribution,HIGH,COR-MAS-AJJ,AST-MAS-AJJ-TRD-033,UP,180,775,1054,1,1,0,0,1,49.45
REQ-230,Signalling & Telecom,HIGH,COR-MAS-AJJ,AST-MAS-AJJ-SNT-036,UP,120,109,290,1,0,0,1,1,56.13
REQ-231,Engineering,MEDIUM,COR-HWH-BWN,AST-HWH-BWN-ENG-020,BOTH,120,953,1193,1,0,0,0,0,37.5
REQ-232,Signalling & Telecom,CRITICAL,COR-CSMT-KYN,AST-SMT-KYN-SNT-018,DOWN,180,130,376,1,1,0,1,1,79.82
REQ-233,Signalling & Telecom,HIGH,COR-MAS-AJJ,AST-MAS-AJJ-SNT-036,UP,180,802,1056,0,0,0,1,1,46.59
REQ-234,Engineering,MEDIUM,COR-NDLS-GZB,AST-DLS-GZB-ENG-002,UP,60,80,214,1,0,0,0,4,42.98
REQ-235,Traction Distribution,CRITICAL,COR-HWH-BWN,AST-HWH-BWN-TRD-022,BOTH,120,709,884,0,1,34,1,0,93.86
REQ-236,Traction Distribution,MEDIUM,COR-CSMT-KYN,AST-SMT-KYN-TRD-014,BOTH,240,670,953,1,1,0,0,3,55.48
REQ-237,Signalling & Telecom,CRITICAL,COR-CSMT-KYN,AST-SMT-KYN-SNT-018,DOWN,240,72,427,1,0,0,1,1,71.26
REQ-238,Engineering,HIGH,COR-HWH-BWN,AST-HWH-BWN-ENG-019,DOWN,60,144,294,1,1,0,0,3,53.0
REQ-239,Engineering,MEDIUM,COR-CSMT-KYN,AST-SMT-KYN-ENG-011,DOWN,90,200,340,1,0,0,1,1,44.93
REQ-240,Signalling & Telecom,HIGH,COR-MAS-AJJ,AST-MAS-AJJ-SNT-036,UP,180,111,357,1,0,0,1,1,56.82
REQ-241,Signalling & Telecom,HIGH,COR-HWH-BWN,AST-HWH-BWN-SNT-027,BOTH,240,69,361,0,0,0,0,4,46.72
REQ-242,Signalling & Telecom,HIGH,COR-CSMT-KYN,AST-SMT-KYN-SNT-017,UP,60,803,956,1,1,0,1,2,63.92
REQ-243,Engineering,MEDIUM,COR-HWH-BWN,AST-HWH-BWN-ENG-019,DOWN,60,205,372,1,1,0,0,4,50.09
REQ-244,Signalling & Telecom,MEDIUM,COR-CSMT-KYN,AST-SMT-KYN-SNT-016,BOTH,120,224,443,0,0,0,0,1,31.48
REQ-245,Traction Distribution,CRITICAL,COR-HWH-BWN,AST-HWH-BWN-TRD-022,BOTH,90,839,993,1,1,34,1,1,100.0
REQ-246,Signalling & Telecom,HIGH,COR-CSMT-KYN,AST-SMT-KYN-SNT-017,UP,60,177,349,1,0,0,1,1,52.99
REQ-247,Signalling & Telecom,LOW,COR-MAS-AJJ,AST-MAS-AJJ-SNT-034,UP,120,890,1126,1,0,0,0,1,32.08
REQ-248,Signalling & Telecom,CRITICAL,COR-MAS-AJJ,AST-MAS-AJJ-SNT-035,UP,180,863,1114,1,1,33,1,1,100.0
REQ-249,Engineering,CRITICAL,COR-CSMT-KYN,AST-SMT-KYN-ENG-010,UP,90,844,1005,1,0,36,1,2,96.59
REQ-250,Traction Distribution,CRITICAL,COR-HWH-BWN,AST-HWH-BWN-TRD-022,BOTH,60,120,267,1,1,34,1,3,100.0
